City_ID,City,Lat,Lng,Max Temp,Humidity,Cloudiness,Wind Speed,Country,Date
0,invercargill,-46.4,168.35,57.81,77,100,5.68,NZ,2023-05-28 22:02:29
1,yellowknife,62.456,-114.3525,63.12,34,20,15.01,CA,2023-05-28 21:56:29
2,port-aux-francais,-49.35,70.2167,44.29,97,99,11.61,TF,2023-05-28 22:02:30
3,bengkulu,-3.8004,102.2655,80.69,75,59,1.72,ID,2023-05-28 22:02:31
4,adamstown,-25.066,-130.1015,69.96,54,96,14.61,PN,2023-05-28 22:02:31
5,galle,6.0367,80.217,82.53,81,59,8.46,LK,2023-05-28 22:02:32
6,waitangi,-43.9535,-176.5597,57.81,80,95,5.99,NZ,2023-05-28 22:02:33
7,grytviken,-54.2811,-36.5092,29.17,82,85,16.8,GS,2023-05-28 21:59:19
8,midvagur,62.0511,-7.1939,49.03,93,100,24.16,FO,2023-05-28 22:02:35
9,kill devil hills,36.0307,-75.676,70.99,95,100,6.91,US,2023-05-28 22:02:35
10,tura,25.5198,90.2201,84.92,53,0,0.4,IN,2023-05-28 22:02:36
11,atafu village,-8.5421,-172.5159,83.21,78,22,14.41,TK,2023-05-28 22:02:37
12,albany,42.6001,-73.9662,73.81,74,1,5.3,US,2023-05-28 21:52:21
13,kongsvinger,60.1905,11.9977,39.87,22,78,2.55,NO,2023-05-28 22:02:38
14,labytnangi,66.6572,66.4183,44.38,61,100,13.33,RU,2023-05-28 22:02:38
15,minas de marcona,-15.2119,-75.1103,58.57,90,94,11.68,PE,2023-05-28 22:02:39
16,fortuna,40.5982,-124.1573,59.94,80,0,13.8,US,2023-05-28 22:02:40
17,beroroha,-21.6667,45.1667,64.49,80,0,3.22,MG,2023-05-28 22:02:40
18,knoxville,35.9606,-83.9207,59.2,88,100,6.91,US,2023-05-28 21:53:40
19,villa ocampo,-28.4875,-59.3551,50.72,69,7,5.88,AR,2023-05-28 22:02:41
20,ilulissat,69.2167,-51.1,28.42,54,100,4.61,GL,2023-05-28 22:02:42
21,anadyr,64.75,177.4833,46.9,61,0,8.95,RU,2023-05-28 22:02:42
22,bayanhongor,46.7167,100.1167,51.53,35,100,13.09,MN,2023-05-28 22:02:43
23,callao,-12.0667,-77.15,71.89,73,100,9.22,PE,2023-05-28 22:02:44
24,morondava,-20.2833,44.2833,70.79,64,0,4.65,MG,2023-05-28 22:02:44
25,whitehorse,60.7161,-135.0538,49.1,52,100,10.36,CA,2023-05-28 22:02:45
26,taourirt,34.4073,-2.8973,64.09,67,0,2.21,MA,2023-05-28 21:58:59
27,steinbach,50.1667,8.5667,60.33,60,0,12.66,DE,2023-05-28 22:02:45
28,haiku-pauwela,20.9219,-156.3051,76.17,71,100,8.99,US,2023-05-28 22:02:46
29,barra de santo antonio,-9.4047,-35.5072,72.68,81,58,7.07,BR,2023-05-28 22:02:46
30,west island,-12.1568,96.8225,82.38,74,10,5.75,CC,2023-05-28 22:02:46
31,chonchi,-42.6128,-73.8092,36.61,93,100,1.52,CL,2023-05-28 22:02:36
32,keflavik,64.0049,-22.5624,46.87,100,100,18.41,IS,2023-05-28 22:02:48
33,udachny,66.4167,112.4,55.45,46,96,2.44,RU,2023-05-28 22:02:49
34,zagora,30.3484,-5.8365,71.44,36,83,9.22,MA,2023-05-28 22:02:49
35,ath thawrah,35.8469,38.5443,71.19,52,36,6.51,SY,2023-05-28 22:02:50
36,sodankyla,67.4167,26.6,41.13,89,100,5.61,FI,2023-05-28 22:02:50
37,kristiansund,63.1115,7.732,45.25,53,100,11.5,NO,2023-05-28 22:02:51
38,vila velha,-20.3297,-40.2925,69.94,94,0,2.3,BR,2023-05-28 22:02:51
39,port elizabeth,-33.918,25.5701,61.32,93,20,3.44,ZA,2023-05-28 22:00:16
40,tulun,54.5611,100.5792,58.78,39,100,13.4,RU,2023-05-28 22:02:52
41,palmer,42.1584,-72.3287,71.15,56,0,8.05,US,2023-05-28 22:00:14
42,itambacuri,-18.0311,-41.685,66.18,67,29,3.85,BR,2023-05-28 22:02:53
43,lorengau,-2.0226,147.2712,78.1,91,100,9.26,PG,2023-05-28 22:02:53
44,punta arenas,-53.15,-70.9167,46.51,81,0,10.36,CL,2023-05-28 22:02:54
45,stanley,54.868,-1.6985,41.9,94,0,2.3,GB,2023-05-28 22:02:54
46,iqaluit,63.7506,-68.5145,28.13,80,75,0.0,CA,2023-05-28 22:02:54
47,enewetak,11.3474,162.3373,80.67,80,100,14.81,MH,2023-05-28 22:02:55
48,ma'rib,15.4591,45.3253,81.72,38,89,1.66,YE,2023-05-28 22:02:55
49,broken hill,-31.95,141.4333,61.48,60,16,11.63,AU,2023-05-28 22:02:55
50,canto do buriti,-8.11,-42.9444,73.35,73,6,4.85,BR,2023-05-28 22:02:56
51,port alfred,-33.5906,26.891,59.18,93,52,1.01,ZA,2023-05-28 22:03:01
52,anna regina,7.2644,-58.5077,79.27,86,100,5.73,GY,2023-05-28 22:03:02
53,jamestown,42.097,-79.2353,69.44,42,0,9.22,US,2023-05-28 22:01:45
54,isafjordur,66.0755,-23.124,44.76,95,100,5.66,IS,2023-05-28 22:03:04
55,cestos city,5.46,-9.5828,79.72,82,68,3.11,LR,2023-05-28 22:03:05
56,susuman,62.7833,148.1667,55.96,32,75,7.83,RU,2023-05-28 22:03:05
57,edinburgh of the seven seas,-37.0676,-12.3116,61.86,77,100,27.45,SH,2023-05-28 22:03:06
58,iskateley,67.6803,53.1512,46.22,50,100,13.4,RU,2023-05-28 22:03:07
59,ushuaia,-54.8,-68.3,44.26,81,40,6.91,AR,2023-05-28 22:01:50
60,buritizeiro,-17.3511,-44.9622,67.73,54,100,3.11,BR,2023-05-28 22:03:08
61,bonthe,7.5264,-12.505,79.92,87,100,7.7,SL,2023-05-28 22:03:08
62,genhe,50.7833,121.5167,57.16,30,100,3.42,CN,2023-05-28 22:03:09
63,la passe,45.5549,-0.8967,63.99,92,8,7.92,FR,2023-05-28 22:03:09
64,namibe,-15.1961,12.1522,61.72,79,9,14.09,AO,2023-05-28 22:03:10
65,phan rang-thap cham,11.5667,108.9833,88.11,61,10,2.44,VN,2023-05-28 22:03:10
66,puerto ayora,-0.7393,-90.3518,76.55,98,89,3.0,EC,2023-05-28 22:03:11
67,cabo san lucas,22.8909,-109.9124,82.62,79,0,13.27,MX,2023-05-28 22:00:30
68,dudinka,69.4058,86.1778,43.63,94,100,15.46,RU,2023-05-28 22:03:12
69,sao felix do xingu,-6.6447,-51.995,75.38,82,95,2.24,BR,2023-05-28 22:03:13
70,kingston,17.997,-76.7936,83.35,80,20,12.66,JM,2023-05-28 22:02:02
71,weno,7.4515,151.8468,82.85,79,56,13.82,FM,2023-05-28 22:03:14
72,howrah,22.5892,88.3103,86.0,70,0,0.0,IN,2023-05-28 22:03:15
73,buka,40.8108,69.1986,70.9,25,0,3.89,UZ,2023-05-28 22:03:15
74,bloemfontein,-29.1211,26.214,53.08,94,100,11.5,ZA,2023-05-28 22:02:58
75,suva,-18.1416,178.4415,85.48,79,40,6.91,FJ,2023-05-28 22:03:17
76,comber,54.5494,-5.7438,50.49,82,56,4.61,GB,2023-05-28 22:03:18
77,blackmans bay,-43.0167,147.3167,51.93,61,10,15.23,AU,2023-05-28 22:03:18
78,mahibadhoo,3.7833,72.9667,83.91,74,92,9.57,MV,2023-05-28 22:03:19
79,laguna,38.421,-121.4238,77.31,61,0,12.66,US,2023-05-28 22:03:20
80,mohammedia,33.7066,-7.3944,69.53,100,4,5.75,MA,2023-05-28 22:03:20
81,sao jose da coroa grande,-8.8978,-35.1478,75.99,88,17,5.21,BR,2023-05-28 22:03:21
82,bodo,67.28,14.405,41.77,74,75,24.16,NO,2023-05-28 22:03:22
83,selfoss,63.9331,-20.9971,47.05,98,100,10.33,IS,2023-05-28 22:03:22
84,hammerfest,70.6634,23.6821,41.45,93,100,10.36,NO,2023-05-28 22:03:23
85,thompson,55.7435,-97.8558,62.76,100,100,2.3,CA,2023-05-28 22:03:24
86,pisco,-13.7,-76.2167,68.05,83,100,13.8,PE,2023-05-28 22:03:24
87,nar'yan-mar,67.6713,53.087,46.33,50,100,13.42,RU,2023-05-28 22:03:25
88,shingu,33.7333,135.9833,75.76,85,100,7.25,JP,2023-05-28 22:03:26
89,moree,-29.4667,149.85,62.02,41,1,9.08,AU,2023-05-28 22:03:27
90,arraial do cabo,-22.9661,-42.0278,71.65,85,27,11.23,BR,2023-05-28 22:03:00
91,nema,57.5067,50.5011,55.9,97,100,6.91,RU,2023-05-28 22:03:28
92,newman,37.3138,-121.0208,75.02,38,100,1.99,US,2023-05-28 22:03:28
93,jolalpan,18.325,-98.8417,74.12,78,94,4.63,MX,2023-05-28 22:03:29
94,salalah,17.0151,54.0924,82.4,83,26,8.37,OM,2023-05-28 22:03:29
95,dunedin,-45.8742,170.5036,57.79,67,100,5.99,NZ,2023-05-28 22:00:36
96,gaspe,48.8334,-64.4819,55.31,46,20,19.57,CA,2023-05-28 22:00:23
97,carnarvon,-24.8667,113.6333,73.22,33,100,7.78,AU,2023-05-28 22:03:33
98,lihue,21.9789,-159.3672,78.39,74,100,11.5,US,2023-05-28 21:58:44
99,'ain deheb,34.8422,1.547,53.29,75,5,10.02,DZ,2023-05-28 22:03:35
100,long beach,33.767,-118.1892,67.15,82,100,7.0,US,2023-05-28 22:03:36
101,konarka,19.9,86.1167,84.6,72,9,6.46,IN,2023-05-28 22:03:38
102,sealy,29.7808,-96.1572,78.75,84,100,6.44,US,2023-05-28 22:03:38
103,klyuchi,52.2667,79.1667,63.7,30,100,6.2,RU,2023-05-28 22:03:38
104,gwadar,25.1216,62.3254,84.18,85,0,5.99,PK,2023-05-28 22:03:39
105,san patricio,28.017,-97.5169,79.84,72,90,8.34,US,2023-05-28 22:03:40
106,utrik,11.2278,169.8474,81.84,78,100,13.76,MH,2023-05-28 22:03:40
107,emerald,-23.5333,148.1667,68.34,30,0,10.8,AU,2023-05-28 22:03:21
108,nizao,18.25,-70.2,83.46,82,14,6.98,DO,2023-05-28 22:03:42
109,mount isa,-20.7333,139.5,65.97,30,93,13.8,AU,2023-05-28 22:03:43
110,estevan,49.1334,-102.9842,66.4,82,100,12.66,CA,2023-05-28 22:03:43
111,margaret river,-33.95,115.0667,60.28,78,100,7.07,AU,2023-05-28 22:03:44
112,luanda,-8.8368,13.2343,73.4,88,75,5.75,AO,2023-05-28 22:03:44
113,sirte,31.2089,16.5887,67.69,66,0,3.67,LY,2023-05-28 22:03:45
114,vilyuchinsk,52.9306,158.4028,48.47,93,100,6.91,RU,2023-05-28 22:03:45
115,tsiombe,-25.3,45.4833,65.32,88,0,2.62,MG,2023-05-28 22:03:46
116,tamandare,-8.7597,-35.1047,75.87,89,13,4.99,BR,2023-05-28 22:03:46
117,riyadh,24.6877,46.7219,87.94,32,30,7.94,SA,2023-05-28 22:00:56
118,martuk,50.7475,56.5056,65.88,41,14,8.41,KZ,2023-05-28 22:03:48
119,mansa,29.9833,75.3833,79.11,62,100,5.53,IN,2023-05-28 22:03:48
120,mahina,-17.5065,-149.489,85.77,66,20,8.05,PF,2023-05-28 22:03:49
121,ettenheim,48.25,7.8167,59.05,76,5,5.75,DE,2023-05-28 22:03:51
122,hadibu,12.65,54.0333,85.5,73,87,8.86,YE,2023-05-28 22:03:51
123,letlhakeng,-24.0944,25.0298,57.09,57,1,11.01,BW,2023-05-28 22:03:51
124,guiuan,11.0333,125.7247,85.19,78,100,24.16,PH,2023-05-28 22:03:52
125,badger,64.8,-147.5333,58.51,67,100,1.99,US,2023-05-28 22:03:52
126,wailua homesteads,22.0669,-159.378,75.63,84,100,4.0,US,2023-05-28 22:03:53
127,pokhara,28.2333,83.9833,75.31,58,61,0.51,NP,2023-05-28 22:03:53
128,soe,-9.8607,124.284,67.6,79,76,6.38,ID,2023-05-28 22:03:53
129,longyearbyen,78.2186,15.6401,33.64,60,40,14.97,SJ,2023-05-28 22:03:54
130,kashgar,39.4547,75.9797,61.81,48,0,11.18,CN,2023-05-28 22:03:54
131,bethel,41.3712,-73.414,65.25,54,0,0.0,US,2023-05-28 22:03:54
132,tiksi,71.6872,128.8694,36.14,100,100,8.19,RU,2023-05-28 22:03:55
133,al hazm,16.1641,44.7769,81.27,41,60,3.71,YE,2023-05-28 22:03:55
134,howard springs,-12.497,131.047,77.83,22,95,11.34,AU,2023-05-28 22:03:55
135,lodja,-3.4833,23.4333,70.29,76,100,2.37,CD,2023-05-28 22:03:56
136,ola,59.5833,151.2833,53.55,45,11,2.57,RU,2023-05-28 22:03:56
137,kodiak,57.79,-152.4072,46.6,62,100,7.83,US,2023-05-28 22:03:56
138,gotsucho,35.0,132.2167,69.66,99,100,5.39,JP,2023-05-28 22:03:57
139,tremp,42.167,0.8949,57.51,83,21,4.29,ES,2023-05-28 22:03:57
140,olonkinbyen,70.9221,-8.7187,33.31,95,100,5.57,SJ,2023-05-28 22:03:57
141,new norfolk,-42.7826,147.0587,53.1,58,10,5.99,AU,2023-05-28 22:03:58
142,pingliang,35.5392,106.6861,59.14,91,100,4.21,CN,2023-05-28 22:03:58
143,norrtalje,59.758,18.705,49.01,59,15,7.11,SE,2023-05-28 22:03:58
144,kirensk,57.7853,108.1119,49.82,86,100,2.84,RU,2023-05-28 22:03:58
145,georgetown,5.4112,100.3354,87.94,74,20,5.75,MY,2023-05-28 21:56:11
146,buon ma thuot,12.6667,108.05,82.4,67,4,2.3,VN,2023-05-28 22:03:59
147,hermanus,-34.4187,19.2345,55.8,86,87,18.99,ZA,2023-05-28 22:03:59
148,ust-nera,64.5667,143.2,55.72,40,100,3.6,RU,2023-05-28 22:04:00
149,jiwani,25.05,61.7417,85.21,83,0,7.38,PK,2023-05-28 22:04:00
150,mirny,62.5353,113.9611,51.24,71,5,1.99,RU,2023-05-28 22:04:00
151,tazovsky,67.4667,78.7,43.38,77,68,12.35,RU,2023-05-28 22:04:01
152,ancud,-41.8697,-73.8203,42.04,86,100,3.15,CL,2023-05-28 22:04:01
153,labrador city,52.9463,-66.9114,33.71,69,75,16.11,CA,2023-05-28 22:00:09
154,prado,-17.3411,-39.2208,72.48,88,55,4.5,BR,2023-05-28 22:04:02
155,kialla,-36.4161,145.3954,55.89,69,68,8.23,AU,2023-05-28 22:04:03
156,caleta de carquin,-11.0925,-77.6267,70.29,84,93,7.52,PE,2023-05-28 22:04:04
157,hasaki,35.7333,140.8333,71.22,96,100,7.72,JP,2023-05-28 22:04:04
158,afaahiti,-17.75,-149.2833,84.07,76,49,18.54,PF,2023-05-28 22:04:05
159,uturoa,-16.7333,-151.4333,82.15,73,9,19.39,PF,2023-05-28 22:04:05
160,am timan,11.0297,20.2827,77.49,75,100,8.55,TD,2023-05-28 22:04:06
161,bodaybo,57.8506,114.1933,51.39,60,72,4.59,RU,2023-05-28 22:04:07
162,geraldton,-28.7667,114.6,64.81,36,100,18.41,AU,2023-05-28 22:04:08
163,talnakh,69.4865,88.3972,43.21,80,100,5.06,RU,2023-05-28 22:04:08
164,mata-utu,-13.2816,-176.1745,84.06,74,67,14.09,WF,2023-05-28 22:04:09
165,al kharj,24.155,47.3346,90.18,26,2,2.24,SA,2023-05-28 22:04:09
166,tacna,-18.0056,-70.2483,59.9,88,100,4.61,PE,2023-05-28 22:04:10
167,cooma,-36.2333,149.1333,53.44,45,3,12.88,AU,2023-05-28 22:04:10
168,praia da vitoria,38.7333,-27.0667,61.05,94,75,5.95,PT,2023-05-28 22:04:11
169,quellon,-43.1167,-73.6167,37.65,100,100,4.61,CL,2023-05-28 22:04:12
170,novo aripuana,-5.1206,-60.3797,76.71,83,53,2.51,BR,2023-05-28 22:04:13
171,college,64.8569,-147.8028,58.59,66,100,10.36,US,2023-05-28 22:04:14
172,ciudad lazaro cardenas,17.9583,-102.2,83.53,73,0,6.24,MX,2023-05-28 22:04:14
173,upata,8.0086,-62.3989,74.19,95,100,3.36,VE,2023-05-28 22:03:56
174,kresttsy,58.2452,32.5165,41.9,70,8,5.3,RU,2023-05-28 22:04:15
175,pieksamaki,62.3,27.1333,41.68,94,90,6.51,FI,2023-05-28 21:59:52
176,banfora,10.6333,-4.7667,80.98,71,99,5.08,BF,2023-05-28 22:04:16
177,salida,37.7058,-121.0849,76.89,56,0,9.22,US,2023-05-28 22:04:17
178,sinjai,-5.1241,120.253,82.31,77,33,6.71,ID,2023-05-28 22:04:17
179,saint-francois,46.4154,3.9054,51.24,93,0,2.3,FR,2023-05-28 22:04:18
180,boende,-0.2167,20.8667,71.06,98,100,2.24,CD,2023-05-28 22:04:19
181,wynyard,-41.0,145.7167,53.53,56,11,13.11,AU,2023-05-28 22:04:20
182,aykhal,66.0,111.5,54.99,57,98,3.09,RU,2023-05-28 22:04:20
183,tabou,4.423,-7.3528,79.0,87,74,2.1,CI,2023-05-28 22:04:21
184,mikuni,36.2171,136.1519,69.71,99,100,9.6,JP,2023-05-28 22:04:21
185,marica,-22.9194,-42.8186,75.11,87,78,9.62,BR,2023-05-28 22:04:22
186,torquay,50.4638,-3.5143,56.86,85,78,10.0,GB,2023-05-28 22:04:23
187,praya,14.9215,-23.5087,79.34,44,0,17.27,CV,2023-05-28 22:04:23
188,hawaiian paradise park,19.5933,-154.9731,78.31,78,100,8.05,US,2023-05-28 22:04:24
189,puerto natales,-51.7236,-72.4875,39.7,97,100,3.78,CL,2023-05-28 22:02:18
190,abqaiq,25.9371,49.6776,89.67,15,4,9.73,SA,2023-05-28 22:04:25
191,guangyuan,32.442,105.823,73.36,76,60,4.85,CN,2023-05-28 22:04:25
192,lieksa,63.3167,30.0167,43.99,97,79,8.5,FI,2023-05-28 22:04:26
193,bilibino,68.0546,166.4372,37.26,96,100,6.64,RU,2023-05-28 22:04:26
194,laojunmiao,39.8333,97.7333,58.71,37,20,16.67,CN,2023-05-28 22:04:27
195,wolbrom,50.3796,19.7583,52.29,90,100,4.18,PL,2023-05-28 21:59:43
196,fort bragg,35.139,-79.006,69.35,97,100,4.61,US,2023-05-28 22:04:28
197,toliara,-23.35,43.6667,68.0,63,0,7.0,MG,2023-05-28 22:04:29
198,atherton,53.5237,-2.4935,49.69,81,58,4.09,GB,2023-05-28 22:04:29
199,pangai,-19.8,-174.35,82.51,78,75,16.11,TO,2023-05-28 22:04:30
200,pudasjarvi,65.3833,26.9167,40.53,93,80,7.29,FI,2023-05-28 22:04:30
201,san fernando,15.0286,120.6898,92.93,54,84,8.88,PH,2023-05-28 22:04:31
202,remire-montjoly,4.9167,-52.2667,77.04,94,75,4.61,GF,2023-05-28 22:04:32
203,puerto baquerizo moreno,-0.9,-89.6,77.25,86,95,9.82,EC,2023-05-28 22:02:58
204,horta,38.5333,-28.6333,61.02,85,33,4.0,PT,2023-05-28 22:04:36
205,linhares,-19.3911,-40.0722,66.25,94,45,3.4,BR,2023-05-28 22:04:37
206,williams lake,52.1415,-122.1445,77.05,32,75,2.3,CA,2023-05-28 22:04:37
207,raja,8.4596,25.678,71.4,94,100,1.05,SS,2023-05-28 22:04:38
208,zaozersk,69.4005,32.4476,46.72,86,100,8.32,RU,2023-05-28 22:04:38
209,kulhudhuffushi,6.6221,73.07,84.54,76,99,12.17,MV,2023-05-28 22:04:40
210,pak phanang,8.3511,100.202,89.04,69,81,5.64,TH,2023-05-28 22:04:41
211,amga,60.8953,131.9608,62.96,43,96,4.03,RU,2023-05-28 22:04:42
212,qaqortoq,60.7167,-46.0333,37.83,93,100,4.99,GL,2023-05-28 22:04:42
213,port shepstone,-30.7414,30.455,70.77,71,99,14.94,ZA,2023-05-28 22:04:43
214,cabanas,22.9758,-82.9219,77.61,81,83,4.59,CU,2023-05-28 22:04:43
215,codrington,-38.2667,141.9667,59.18,68,37,11.72,AU,2023-05-28 22:00:06
216,nova xavantina,-14.6667,-52.35,79.16,47,100,1.54,BR,2023-05-28 22:01:25
217,fale old settlement,-9.3852,-171.2468,84.61,73,20,15.59,TK,2023-05-28 22:04:44
218,presidente epitacio,-21.7633,-52.1156,66.11,93,100,3.96,BR,2023-05-28 22:04:45
219,port mathurin,-19.6833,63.4167,76.17,73,59,23.44,MU,2023-05-28 22:04:45
220,tommot,58.9564,126.2925,56.66,46,8,5.23,RU,2023-05-28 22:04:46
221,usinsk,65.9939,57.5281,53.82,72,100,19.08,RU,2023-05-28 22:04:46
222,holualoa,19.6228,-155.9522,78.64,78,100,12.66,US,2023-05-28 22:04:47
223,primorskiy,43.0983,131.5875,66.54,44,2,8.23,RU,2023-05-28 22:04:48
224,karmala,18.4167,75.2,84.94,44,46,13.67,IN,2023-05-28 22:04:48
225,bel ombre,-4.6167,55.4167,82.24,78,20,12.66,SC,2023-05-28 22:04:49
226,pierre,44.3683,-100.351,63.86,85,100,10.36,US,2023-05-28 22:03:57
227,hamilton,39.1834,-84.5333,66.15,79,0,5.75,US,2023-05-28 22:04:50
228,balqash,46.8481,74.995,57.79,38,0,8.95,KZ,2023-05-28 22:04:50
229,papatowai,-46.5619,169.4708,59.63,73,100,6.08,NZ,2023-05-28 22:04:50
230,avarua,-21.2078,-159.775,80.65,83,20,9.22,CK,2023-05-28 22:04:51
231,horncastle,53.2077,-0.1172,49.66,81,20,6.91,GB,2023-05-28 22:04:51
232,mollendo,-17.0231,-72.0147,65.41,90,100,6.44,PE,2023-05-28 22:04:51
233,kalispell,48.1958,-114.3129,66.24,66,40,14.97,US,2023-05-28 22:00:41
234,qamdo,31.1667,97.2333,48.33,37,0,3.24,CN,2023-05-28 22:04:52
235,el galpon,-25.3807,-64.6526,47.52,76,0,1.34,AR,2023-05-28 22:04:52
236,seme,15.1942,-12.9448,96.12,22,85,6.8,SN,2023-05-28 22:04:53
237,dhidhdhoo,6.8833,73.1,84.92,75,77,12.39,MV,2023-05-28 22:04:53
238,nuuk,64.1835,-51.7216,31.08,67,13,16.2,GL,2023-05-28 22:04:53
239,alofi,-19.0595,-169.9187,82.29,78,19,12.66,NU,2023-05-28 22:04:54
240,korla,41.7597,86.1469,64.2,53,12,4.72,CN,2023-05-28 22:04:54
241,riohacha,11.5444,-72.9072,80.69,83,100,6.98,CO,2023-05-28 22:04:54
242,tangalle,6.024,80.7911,80.76,87,73,9.13,LK,2023-05-28 22:04:55
243,egilsstadir,65.2653,-14.3948,51.71,62,75,16.11,IS,2023-05-28 22:04:55
244,sao gabriel,-30.3364,-54.32,47.95,82,0,8.37,BR,2023-05-28 22:04:55
245,trincomalee,8.5711,81.2335,82.38,78,20,9.35,LK,2023-05-28 22:04:56
246,villa union,23.2,-106.2333,79.92,73,0,0.0,MX,2023-05-28 22:04:56
247,avsallar,36.616,31.7806,65.5,75,100,3.42,TR,2023-05-28 22:04:56
248,beledweyne,4.7358,45.2036,76.64,76,100,10.07,SO,2023-05-28 22:04:56
249,cidreira,-30.1811,-50.2056,60.57,57,32,4.12,BR,2023-05-28 22:02:35
250,saldanha,-33.0117,17.9442,55.94,79,0,15.05,ZA,2023-05-28 22:04:57
251,mankapur,27.0333,82.2333,89.91,38,0,7.65,IN,2023-05-28 22:04:57
252,muisne,0.6,-80.0333,78.71,87,100,6.29,EC,2023-05-28 22:04:57
253,tranqueras,-31.2,-55.75,42.22,88,0,2.77,UY,2023-05-28 22:03:35
254,key west,24.5557,-81.7826,82.99,69,11,8.99,US,2023-05-28 22:00:31
255,vernon,50.2581,-119.2691,82.92,41,35,2.3,CA,2023-05-28 22:04:58
256,adam,22.3756,57.5233,84.24,32,100,0.96,OM,2023-05-28 22:04:58
257,hithadhoo,-0.6,73.0833,82.63,74,100,7.25,MV,2023-05-28 22:04:59
258,novodvinsk,64.4165,40.8122,49.19,50,0,2.71,RU,2023-05-28 22:04:59
259,mahdia,35.5047,11.0622,67.95,62,100,8.75,TN,2023-05-28 22:05:00
260,rishikesh,30.1167,78.3167,75.29,73,20,3.44,IN,2023-05-28 22:05:01
261,saint croix,17.7397,-64.7388,77.95,80,0,4.61,VI,2023-05-28 22:05:02
262,papao,-17.75,-149.55,85.68,75,2,20.6,PF,2023-05-28 22:05:03
263,ghat,24.9647,10.1728,80.58,19,0,11.16,LY,2023-05-28 22:05:03
264,lebu,-37.6167,-73.65,47.82,77,100,7.31,CL,2023-05-28 22:05:04
265,las heras,-46.5419,-68.9359,40.77,53,97,9.75,AR,2023-05-28 22:05:05
266,naze,28.3667,129.4833,77.92,90,54,7.99,JP,2023-05-28 22:05:06
267,santa terezinha,-29.9002,-50.0904,61.12,57,98,2.64,BR,2023-05-28 22:05:07
268,jejuri,18.2833,74.1667,77.68,62,5,5.32,IN,2023-05-28 22:05:08
269,happy valley-goose bay,53.3168,-60.3315,35.91,87,100,16.11,CA,2023-05-28 22:05:08
270,ribeira grande,38.5167,-28.7,61.77,85,21,4.0,PT,2023-05-28 22:05:09
271,luderitz,-26.6481,15.1594,54.25,74,83,7.94,NA,2023-05-28 22:05:09
272,tomakivka,47.8157,34.7414,58.01,90,99,12.08,UA,2023-05-28 22:05:10
273,stephenville,32.2207,-98.2023,77.13,66,0,3.44,US,2023-05-28 22:05:11
274,fort st. john,56.2499,-120.8529,69.69,28,75,16.11,CA,2023-05-28 22:05:12
275,yerkoy,39.6381,34.4672,53.85,94,13,3.51,TR,2023-05-28 22:05:12
276,todos santos,23.45,-110.2167,63.45,84,0,8.23,MX,2023-05-28 22:05:13
277,zouerate,22.7187,-12.4521,80.1,23,100,17.87,MR,2023-05-28 22:05:13
278,alaghsas,17.0187,8.0168,83.68,16,69,9.1,NE,2023-05-28 22:05:13
279,yanchep,-31.55,115.6833,68.13,28,100,9.84,AU,2023-05-28 22:05:14
280,pacific grove,36.6177,-121.9166,62.38,86,100,11.5,US,2023-05-28 22:05:14
281,ambon,-3.6954,128.1814,85.08,48,40,5.75,ID,2023-05-28 22:05:15
282,magadan,59.5667,150.8,51.51,48,10,3.4,RU,2023-05-28 22:03:25
283,ghazni,33.5536,68.4269,59.59,48,96,9.24,AF,2023-05-28 22:05:16
284,mildura,-34.2,142.15,60.08,91,7,12.77,AU,2023-05-28 22:05:17
285,carauari,-4.8828,-66.8958,77.85,84,100,2.51,BR,2023-05-28 22:05:09
286,dapa,9.7594,126.0531,86.27,65,92,6.73,PH,2023-05-28 22:05:19
287,merizo village,13.2658,144.6691,85.73,86,72,14.85,GU,2023-05-28 22:05:20
288,lijiang,26.8688,100.2207,70.34,45,0,3.78,CN,2023-05-28 22:05:20
289,motygino,58.1831,94.7592,62.83,41,0,7.92,RU,2023-05-28 22:05:21
290,juneau,58.3019,-134.4197,48.42,97,100,7.11,US,2023-05-28 22:00:45
291,kuta,-8.7233,115.1723,82.35,78,40,5.99,ID,2023-05-28 22:05:23
292,kavieng,-2.5744,150.7967,81.18,81,100,17.54,PG,2023-05-28 22:05:24
293,ocean shores,46.9737,-124.1563,59.38,80,7,7.0,US,2023-05-28 22:00:40
294,vrangel',42.7297,133.0839,60.94,66,0,4.36,RU,2023-05-28 22:05:25
295,fedorovka,53.6314,62.7078,70.57,44,100,8.75,KZ,2023-05-28 22:05:25
296,az zawr,29.4425,48.2747,89.94,41,4,19.13,KW,2023-05-28 22:05:26
297,kapa'a,22.0752,-159.319,79.12,80,100,10.36,US,2023-05-28 22:05:26
298,la sarre,48.8002,-79.1996,53.28,58,7,6.85,CA,2023-05-28 22:05:27
299,flying fish cove,-10.4217,105.6791,80.28,78,75,12.66,CX,2023-05-28 22:05:27
300,pestravka,52.405,49.9583,61.77,92,9,6.85,RU,2023-05-28 22:05:27
301,miri,4.4148,114.0089,87.94,79,40,3.44,MY,2023-05-28 22:05:28
302,bremervorde,53.4833,9.1333,48.18,83,100,8.59,DE,2023-05-28 22:05:29
303,chibougamau,49.9168,-74.3659,53.22,50,0,6.91,CA,2023-05-28 22:05:30
304,saipan,15.1355,145.701,82.22,81,100,19.35,MP,2023-05-28 22:05:31
305,xuddur,4.1213,43.8894,70.05,87,92,6.55,SO,2023-05-28 22:05:31
306,antofagasta,-23.65,-70.4,61.88,82,64,4.41,CL,2023-05-28 22:05:04
307,luga,58.7372,29.8453,50.07,66,100,4.72,RU,2023-05-28 22:05:32
308,ormara,25.2088,64.6357,82.58,85,6,6.38,PK,2023-05-28 22:05:33
309,hofheim in unterfranken,50.1333,10.5333,50.9,85,5,3.94,DE,2023-05-28 22:05:34
310,carahue,-38.7,-73.1667,41.7,82,100,1.3,CL,2023-05-28 22:05:34
311,santarem,-2.4431,-54.7083,77.13,100,0,2.3,BR,2023-05-28 22:05:35
312,tegueste,28.5167,-16.3167,60.98,89,0,3.0,ES,2023-05-28 22:05:36
313,macas,-2.3167,-78.1167,67.8,98,88,1.86,EC,2023-05-28 22:05:36
314,shetpe,44.1667,52.1167,70.12,46,73,7.67,KZ,2023-05-28 22:05:37
315,erechim,-27.6342,-52.2739,48.33,97,64,5.86,BR,2023-05-28 22:05:37
316,sivagiri,9.3333,77.4333,84.11,65,93,0.78,IN,2023-05-28 22:05:38
317,port-vila,-17.7338,168.3219,79.38,63,19,6.8,VU,2023-05-28 22:05:38
318,letlhakane,-21.4167,25.5833,54.52,53,27,8.43,BW,2023-05-28 22:05:39
319,mbanza-ngungu,-5.25,14.8667,65.43,98,97,3.18,CD,2023-05-28 22:05:39
320,coronel suarez,-37.4547,-61.9334,39.49,60,89,6.44,AR,2023-05-28 22:05:40
321,limulunga,-15.0969,23.1376,53.91,47,29,5.08,ZM,2023-05-28 22:05:42
322,sorong,-0.8833,131.25,86.79,62,15,3.6,ID,2023-05-28 22:05:42
323,polyarnyy,69.1989,33.4478,47.01,83,100,12.06,RU,2023-05-28 22:05:43
324,queenstown,-31.8976,26.8753,56.12,93,98,3.42,ZA,2023-05-28 22:05:43
325,xingtai,37.0631,114.4942,66.22,75,100,5.77,CN,2023-05-28 22:05:44
326,vadso,70.0744,29.7487,46.56,81,40,6.91,NO,2023-05-28 22:05:44
327,sinsang-ni,39.6503,127.4058,74.28,66,100,6.15,KP,2023-05-28 22:05:44
328,kerikeri,-35.2268,173.9474,66.11,80,4,8.37,NZ,2023-05-28 22:05:45
329,mana,5.6592,-53.7767,77.4,93,53,4.74,GF,2023-05-28 22:05:46
330,bredasdorp,-34.5322,20.0403,54.03,93,17,8.57,ZA,2023-05-28 22:05:46
331,mohr,54.3528,9.7167,45.14,87,100,4.61,DE,2023-05-28 22:05:47
332,nouadhibou,20.931,-17.0347,71.58,56,100,17.27,MR,2023-05-28 22:05:47
333,port lincoln,-34.7333,135.8667,63.66,73,49,15.17,AU,2023-05-28 22:05:48
334,powell river,49.8496,-124.5361,70.07,48,0,5.75,CA,2023-05-28 22:05:49
335,bikenibeu village,1.3673,173.1241,89.56,70,20,8.05,KI,2023-05-28 22:05:49
336,alghero,40.5589,8.3181,62.69,100,0,1.14,IT,2023-05-28 22:05:50
337,clevelandia,-26.3958,-52.4708,55.6,97,89,4.09,BR,2023-05-28 22:05:51
338,kargil,34.5667,76.1,40.1,49,100,1.77,IN,2023-05-28 22:05:51
339,lebyazh'ye,55.2689,66.4947,67.84,60,89,3.96,RU,2023-05-28 22:05:51
340,shizunai-furukawacho,42.3339,142.3669,59.14,85,100,12.01,JP,2023-05-28 22:01:28
341,port isabel,26.0734,-97.2086,80.02,75,0,3.44,US,2023-05-28 22:05:52
342,cuatro cienegas de carranza,26.9833,-102.0833,70.99,71,100,12.71,MX,2023-05-28 22:05:53
343,tolanaro,-25.0319,46.9987,71.67,73,20,9.22,MG,2023-05-28 22:05:53
344,lauro de freitas,-12.8944,-38.3272,80.62,78,40,4.61,BR,2023-05-28 22:05:53
345,el granada,37.5027,-122.4694,64.08,83,75,13.8,US,2023-05-28 22:05:54
346,alakurtti,66.9672,30.3491,45.84,89,100,3.65,RU,2023-05-28 22:05:54
347,guerrero negro,27.9769,-114.0611,62.35,75,0,19.1,MX,2023-05-28 22:05:55
348,tan-tan,28.438,-11.1032,64.89,76,100,3.69,MA,2023-05-28 22:05:55
349,lisakovsk,52.5369,62.4936,70.07,44,100,6.89,KZ,2023-05-28 22:05:56
350,udaipur,24.5712,73.6918,72.5,64,99,4.81,IN,2023-05-28 22:05:56
351,oriximina,-1.7656,-55.8661,77.68,80,34,1.34,BR,2023-05-28 22:05:56
352,forster,-32.1667,152.5167,69.39,48,0,12.5,AU,2023-05-28 22:05:57
353,broome,42.2506,-75.833,65.7,64,50,4.36,US,2023-05-28 22:05:58
354,kailua-kona,19.6406,-155.9956,82.36,77,100,12.66,US,2023-05-28 22:05:58
355,tamanrasset,22.785,5.5228,76.91,25,0,4.61,DZ,2023-05-28 22:05:59
356,okha,53.5739,142.9478,44.13,62,100,19.55,RU,2023-05-28 22:05:59
357,kangding,30.0513,101.9603,70.2,54,4,1.72,CN,2023-05-28 22:06:00
358,flin flon,54.7682,-101.865,59.5,97,88,4.29,CA,2023-05-28 22:03:02
359,ishigaki,24.3448,124.1572,82.53,89,75,17.27,JP,2023-05-28 22:06:01
360,puerto san jose,13.9256,-90.8244,83.26,73,45,4.72,GT,2023-05-28 22:06:01
361,lautoka,-17.6167,177.4667,85.86,70,40,12.66,FJ,2023-05-28 22:06:02
362,mrakovo,52.7161,56.6244,64.11,62,95,4.56,RU,2023-05-28 22:06:02
363,santa marta,11.2408,-74.199,85.89,76,75,4.61,CO,2023-05-28 22:02:58
364,calvinia,-31.4707,19.776,50.9,39,1,8.3,ZA,2023-05-28 22:06:03
365,alice springs,-23.7,133.8833,60.35,41,30,12.66,AU,2023-05-28 22:01:39
366,touros,-5.1989,-35.4608,77.34,87,8,9.89,BR,2023-05-28 22:06:07
367,svetlyy,54.675,20.1347,51.96,80,1,4.7,RU,2023-05-28 22:06:08
368,atasu,48.6814,71.6433,59.7,31,77,2.06,KZ,2023-05-28 22:06:08
369,luwuk,-0.9516,122.7875,84.13,74,49,5.95,ID,2023-05-28 22:06:09
370,canico,32.6333,-16.85,68.63,75,20,10.36,PT,2023-05-28 22:06:10
371,ratnagiri,16.9833,73.3,82.49,80,13,7.96,IN,2023-05-28 22:06:10
372,mbaiki,3.8678,17.9892,69.15,96,100,1.74,CF,2023-05-28 22:06:11
373,aasiaat,68.7098,-52.8699,15.57,83,7,3.87,GL,2023-05-28 22:06:11
374,vavuniya,8.7514,80.4971,81.46,81,62,7.09,LK,2023-05-28 22:06:12
375,stawell,-37.05,142.7667,56.1,70,89,10.45,AU,2023-05-28 22:06:12
376,puerto deseado,-47.7503,-65.8938,43.74,41,100,8.25,AR,2023-05-28 22:01:55
377,ulladulla,-35.35,150.4667,62.76,39,0,8.28,AU,2023-05-28 22:05:11
378,sant antoni de portmany,38.9807,1.3036,62.96,93,20,4.0,ES,2023-05-28 22:06:14
379,nova sintra,14.8667,-24.7167,69.53,84,90,11.48,CV,2023-05-28 22:06:15
380,qandala,11.472,49.8728,87.55,66,98,5.77,SO,2023-05-28 22:06:15
381,vilyuysk,63.7553,121.6247,63.61,28,0,2.26,RU,2023-05-28 22:06:16
382,port douglas,-16.4833,145.4667,74.34,61,90,12.93,AU,2023-05-28 22:06:18
383,namtsy,62.7161,129.6658,64.06,35,0,4.27,RU,2023-05-28 22:06:19
384,agnibilekrou,7.1344,-3.2047,72.16,99,53,2.66,CI,2023-05-28 22:06:19
385,tofol,5.3248,163.0078,78.62,89,100,14.09,FM,2023-05-28 22:06:20
386,jaithari,23.2333,78.6167,89.56,34,0,8.43,IN,2023-05-28 22:06:20
387,dawei,14.0833,98.2,83.86,76,82,0.58,MM,2023-05-28 22:06:21
388,constantia,44.1833,28.65,59.7,91,56,12.53,RO,2023-05-28 22:06:21
389,luang namtha,20.9497,101.4011,77.02,88,100,2.3,LA,2023-05-28 22:06:21
390,sainyabuli,19.25,101.75,79.57,87,90,1.36,LA,2023-05-28 22:06:23
391,isla mujeres,21.2311,-86.731,82.45,76,55,10.49,MX,2023-05-28 22:06:23
392,al jawf,29.5,38.75,66.81,72,59,2.59,SA,2023-05-28 22:06:24
393,sao vicente,-23.9631,-46.3919,69.98,26,100,1.99,BR,2023-05-28 22:03:19
394,tazacorte,28.629,-17.9293,68.97,78,40,7.0,ES,2023-05-28 22:06:25
395,sovetskiy,61.3614,63.5842,61.41,87,100,7.49,RU,2023-05-28 22:06:25
396,imbituba,-28.24,-48.6703,64.85,88,100,7.34,BR,2023-05-28 22:06:03
397,lompoc,34.6391,-120.4579,63.01,80,0,5.99,US,2023-05-28 22:06:26
398,majalgaon,19.15,76.2333,88.57,42,17,12.64,IN,2023-05-28 22:06:27
399,buala,-8.145,159.5921,85.73,69,22,8.34,SB,2023-05-28 22:06:28
400,yanam,16.7333,82.2167,88.52,70,1,4.21,IN,2023-05-28 22:06:29
401,brisas de zicatela,15.8369,-97.0419,86.52,66,40,5.75,MX,2023-05-28 22:06:30
402,twin falls,42.3505,-114.6445,64.29,55,0,6.91,US,2023-05-28 22:03:01
403,baume-les-dames,47.353,6.3612,58.46,94,6,4.47,FR,2023-05-28 22:06:31
404,st. john's,47.5649,-52.7093,51.19,77,75,19.57,CA,2023-05-28 22:03:23
405,bac lieu,9.285,105.7244,85.96,68,99,10.02,VN,2023-05-28 22:06:32
406,sitka,57.0531,-135.33,46.29,81,100,5.75,US,2023-05-28 22:06:33
407,preobrazheniye,42.9019,133.9064,61.79,63,8,6.69,RU,2023-05-28 22:06:33
408,gibsons,49.3997,-123.5027,70.32,74,1,4.18,CA,2023-05-28 22:06:33
409,khandyga,62.6667,135.6,63.57,27,54,4.38,RU,2023-05-28 22:06:34
410,usogorsk,63.4106,48.6872,47.89,92,100,9.51,RU,2023-05-28 22:06:35
411,helong,42.5397,128.9972,72.77,29,40,10.94,CN,2023-05-28 22:06:35
412,boyolangu,-8.1181,111.8935,79.86,70,71,6.44,ID,2023-05-28 22:06:36
413,saint-pierre,-21.3393,55.4781,69.57,78,0,8.05,RE,2023-05-28 22:06:37
414,saint-philippe,-21.3585,55.7679,69.39,82,81,11.97,RE,2023-05-28 22:06:37
415,tobruk,32.0836,23.9764,65.57,89,0,11.79,LY,2023-05-28 22:06:38
416,amboasary,-25.0333,46.3833,65.21,86,0,3.0,MG,2023-05-28 22:06:38
417,ladario,-19.0047,-57.6017,61.81,95,100,4.88,BR,2023-05-28 22:01:58
418,tanjungagung,-3.9333,103.8,83.25,70,83,0.98,ID,2023-05-28 22:06:39
419,rechka-vydrino,51.485,104.8461,47.68,62,96,5.5,RU,2023-05-28 22:06:40
420,ar rass,25.8694,43.4973,83.93,36,100,7.14,SA,2023-05-28 22:06:40
421,sylvester,31.5307,-83.8354,69.22,70,7,6.64,US,2023-05-28 22:06:41
422,ta`u,-14.2336,-169.5144,82.67,78,36,14.99,AS,2023-05-28 22:06:41
423,ust-tsilma,65.441,52.1498,47.71,86,100,9.15,RU,2023-05-28 22:06:41
424,kalmunai,7.4167,81.8167,83.59,75,51,3.94,LK,2023-05-28 22:06:42
425,nemuro,43.3236,145.575,49.69,95,85,5.82,JP,2023-05-28 22:06:43
426,salair,54.2312,85.7972,51.76,72,100,4.16,RU,2023-05-28 22:06:44
427,ust'-kut,56.7938,105.7672,61.7,44,12,4.63,RU,2023-05-28 22:06:45
428,san pedro pochutla,15.7333,-96.4667,85.71,70,14,1.66,MX,2023-05-28 22:06:45
429,bastad,56.4269,12.8534,50.97,94,75,1.14,SE,2023-05-28 22:06:46
430,chokwe,-24.5333,32.9833,62.55,66,14,5.06,MZ,2023-05-28 22:06:46
431,isla del bosque,22.7333,-105.85,77.04,72,0,5.28,MX,2023-05-28 22:06:47
432,hobyo,5.3505,48.5268,81.82,76,64,16.51,SO,2023-05-28 22:06:49
433,narasapur,16.45,81.6667,87.64,72,45,5.82,IN,2023-05-28 22:06:49
434,polyarnyye zori,67.3661,32.4981,44.85,95,100,4.92,RU,2023-05-28 22:06:50
435,ialibu,-6.2821,143.9935,67.21,77,97,3.53,PG,2023-05-28 22:06:50
436,severo-yeniseyskiy,60.3725,93.0408,57.06,47,43,5.57,RU,2023-05-28 22:06:50
437,kindu,-2.95,25.95,68.68,97,100,3.0,CD,2023-05-28 22:06:51
438,brockport,43.2137,-77.9392,64.0,65,5,5.17,US,2023-05-28 22:05:46
439,xinyuan,37.3,99.0,41.13,81,91,7.0,CN,2023-05-28 22:06:51
440,ermoupolis,37.4423,24.9425,66.9,72,88,17.27,GR,2023-05-28 22:06:52
441,al bawiti,28.3492,28.8659,68.36,61,0,6.33,EG,2023-05-28 22:06:52
442,nizhneangarsk,55.7833,109.55,39.67,71,37,3.67,RU,2023-05-28 22:06:52
443,shiojiri,36.1,137.9667,62.33,85,100,5.28,JP,2023-05-28 22:06:53
444,kilindoni,-7.9139,39.6668,80.73,69,89,17.74,TZ,2023-05-28 22:06:53
445,slave lake,55.2834,-114.769,63.3,53,11,8.19,CA,2023-05-28 22:06:54
446,machico,32.7,-16.7667,68.63,73,20,10.36,PT,2023-05-28 22:06:54
447,novyye burasy,52.1324,46.0714,54.34,87,52,5.35,RU,2023-05-28 22:06:54
448,kiunga,-6.1219,141.2906,81.79,73,100,4.09,PG,2023-05-28 22:06:55
449,sankt johann in tirol,47.5233,12.4232,53.85,83,73,1.99,AT,2023-05-28 22:06:55
450,dampit,-8.2116,112.7493,78.82,59,1,4.72,ID,2023-05-28 22:06:55
451,la peca,-5.6111,-78.435,68.68,88,65,3.58,PE,2023-05-28 22:06:56
452,madinat sittah uktubar,29.8167,31.05,71.2,72,1,6.96,EG,2023-05-28 22:06:56
453,dubovka,49.0583,44.829,63.55,79,71,6.31,RU,2023-05-28 22:06:56
454,bordighera,43.7806,7.6645,67.95,76,99,7.07,IT,2023-05-28 22:06:56
455,katsuura,35.1333,140.3,69.82,93,100,25.19,JP,2023-05-28 22:06:57
456,bridgewater,44.3835,-64.5155,61.7,82,47,7.81,CA,2023-05-28 22:06:57
457,singkawang,0.9,109.0,86.58,67,64,5.5,ID,2023-05-28 22:06:57
458,kuanda,56.3161,116.0806,44.37,89,100,3.91,RU,2023-05-28 22:06:58
459,ixtapa,20.7,-105.2,82.22,74,100,8.05,MX,2023-05-28 22:06:58
460,nagqu,31.5,92.0,44.6,51,5,8.55,CN,2023-05-28 22:06:58
461,la ceiba,15.7597,-86.7822,80.42,89,40,0.0,HN,2023-05-28 22:06:58
462,al 'aziziyah,32.9058,45.0616,83.64,34,71,7.18,IQ,2023-05-28 22:06:59
463,fisterra,42.9049,-9.2629,60.75,95,100,1.14,ES,2023-05-28 22:06:59
464,nezhinka,51.7676,55.3694,62.76,48,0,6.71,RU,2023-05-28 22:06:59
465,mugia,43.1041,-9.2179,60.91,93,97,0.47,ES,2023-05-28 22:06:59
466,enriquillo,17.9,-71.2333,78.73,90,79,6.73,DO,2023-05-28 22:07:00
467,onguday,50.75,86.15,42.73,89,100,3.2,RU,2023-05-28 22:07:00
468,suihua,46.6406,126.9969,66.52,31,2,10.09,CN,2023-05-28 22:07:00
469,colonia,50.9333,6.95,56.25,76,0,5.75,DE,2023-05-28 22:07:00
470,lazaro cardenas,17.9583,-102.2,83.53,73,0,6.24,MX,2023-05-28 22:07:01
471,karaton,-6.3424,106.1045,82.42,75,37,1.52,ID,2023-05-28 22:07:01
472,okhotsk,59.3833,143.3,56.86,36,98,5.21,RU,2023-05-28 22:07:01
473,sioux city,42.5,-96.4003,78.39,36,100,8.05,US,2023-05-28 22:06:15
474,gajuwaka,17.7,83.2167,86.18,73,1,3.87,IN,2023-05-28 22:07:02
475,shannon,52.7039,-8.8642,47.14,87,0,3.44,IE,2023-05-28 22:07:03
476,tilisarao,-32.7329,-65.2911,48.38,64,100,8.86,AR,2023-05-28 22:07:03
477,pingxiang,27.6167,113.85,91.81,59,0,3.31,CN,2023-05-28 22:07:04
478,alcarras,41.5667,0.5167,61.57,83,0,0.0,ES,2023-05-28 22:07:06
479,upington,-28.4478,21.2561,64.18,67,99,13.47,ZA,2023-05-28 22:07:06
480,anatuya,-28.4606,-62.8347,51.76,53,28,5.86,AR,2023-05-28 22:07:08
481,ostersund,63.1792,14.6357,36.61,41,20,17.27,SE,2023-05-28 22:07:09
482,colchani,-20.3,-66.9333,42.35,40,78,6.71,BO,2023-05-28 22:07:09
483,shtime,42.4331,21.0397,54.9,93,0,3.44,XK,2023-05-28 22:07:10
484,amursk,50.2261,136.8994,49.24,55,84,15.73,RU,2023-05-28 22:07:11
485,sydney,-33.8679,151.2073,70.32,49,0,11.5,AU,2023-05-28 22:05:35
486,aflou,34.1128,2.1023,52.23,71,36,14.47,DZ,2023-05-28 22:07:14
487,lakshettipet,18.8667,79.2167,94.32,33,58,3.06,IN,2023-05-28 22:07:14
488,sandy,40.572,-111.8606,70.61,46,40,13.8,US,2023-05-28 22:06:06
489,sapatgram,26.3334,90.109,83.77,57,0,4.32,IN,2023-05-28 22:07:15
490,cadale,2.7603,46.3222,80.31,76,29,12.93,SO,2023-05-28 22:07:16
491,swanage,50.6092,-1.9626,54.55,81,33,19.26,GB,2023-05-28 22:07:16
492,margate,51.3813,1.3862,51.91,79,39,13.0,GB,2023-05-28 22:07:17
493,yuzhno-kurilsk,44.0306,145.8556,51.37,78,32,12.84,RU,2023-05-28 22:07:17
494,prince rupert,54.3161,-130.3201,47.89,93,100,21.85,CA,2023-05-28 22:05:49
495,birobidzhan,48.8,132.95,55.87,60,99,5.39,RU,2023-05-28 22:07:18
496,okazaki,34.95,137.1667,76.55,91,100,4.09,JP,2023-05-28 22:07:19
497,kakonko,-3.2828,30.9642,63.48,81,26,0.38,TZ,2023-05-28 22:07:19
498,mejit,10.2753,170.8646,81.25,81,100,14.03,MH,2023-05-28 22:07:20
499,tralee,52.2704,-9.7026,46.29,93,72,5.82,IE,2023-05-28 22:07:21
500,vylkove,45.4021,29.586,61.12,92,79,11.9,UA,2023-05-28 22:07:21
501,tosontsengel,48.7567,98.2839,59.99,33,100,9.4,MN,2023-05-28 22:07:21
502,cockburn town,21.4612,-71.1419,81.63,83,100,16.22,TC,2023-05-28 22:05:10
503,haparanda,65.8355,24.1368,44.65,78,0,10.6,SE,2023-05-28 22:07:23
504,merouana,35.6311,5.9119,56.77,87,100,2.73,DZ,2023-05-28 22:07:23
505,petropavlovsk-kamchatsky,53.0452,158.6483,46.99,87,75,11.18,RU,2023-05-28 22:07:24
506,charters towers,-20.1,146.2667,71.15,25,2,10.31,AU,2023-05-28 22:07:25
507,mineiros,-17.5694,-52.5511,66.61,72,95,2.95,BR,2023-05-28 22:05:13
508,portland,45.5234,-122.6762,74.52,54,40,6.91,US,2023-05-28 21:57:59
509,bestobe,52.4994,73.0975,60.39,64,14,13.02,KZ,2023-05-28 22:07:26
510,as salt,32.0392,35.7272,61.88,82,0,2.1,JO,2023-05-28 22:07:26
511,katsuren-haebaru,26.3369,127.8719,86.02,74,75,10.36,JP,2023-05-28 22:07:27
512,nantucket,41.2835,-70.0995,62.65,87,0,14.97,US,2023-05-28 22:06:01
513,rio grande,-32.035,-52.0986,58.24,67,100,8.12,BR,2023-05-28 22:07:28
514,kruisfontein,-34.0033,24.7314,53.89,78,99,6.51,ZA,2023-05-28 22:07:29
515,arinos,-15.9169,-46.1056,71.44,49,67,2.44,BR,2023-05-28 22:03:28
516,hermantown,46.8069,-92.2383,64.6,52,40,11.5,US,2023-05-28 22:07:31
517,dombarovskiy,50.7587,59.5386,66.54,40,5,7.96,RU,2023-05-28 22:07:32
518,gorontalo,0.5412,123.0595,87.15,65,24,9.89,ID,2023-05-28 22:07:32
519,swellendam,-34.0226,20.4417,51.58,92,31,6.33,ZA,2023-05-28 22:07:32
520,villa de soto,-30.8552,-64.9995,51.4,55,98,4.92,AR,2023-05-28 22:07:33
521,talara,-4.5772,-81.2719,75.96,88,75,5.75,PE,2023-05-28 22:07:34
522,ceerigaabo,10.6162,47.368,63.93,71,87,10.25,SO,2023-05-28 22:07:34
523,tamarin,-20.3256,57.3706,76.51,79,16,15.19,MU,2023-05-28 22:07:35
524,tanumah,27.1,44.1333,84.0,21,100,19.86,SA,2023-05-28 22:07:35
525,wuxue,29.8506,115.5525,86.27,78,32,5.44,CN,2023-05-28 22:07:36
526,lively,46.4334,-81.1498,62.02,58,4,2.44,CA,2023-05-28 22:07:37
527,la paz,-16.5,-68.15,48.18,87,75,6.91,BO,2023-05-28 22:07:37
528,porto novo,6.4965,2.6036,79.12,88,100,5.08,BJ,2023-05-28 22:07:38
529,pyriatyn,50.2445,32.5107,47.62,77,23,6.85,UA,2023-05-28 22:07:38
530,valenca do piaui,-6.4075,-41.7456,77.09,64,96,6.49,BR,2023-05-28 22:07:39
531,fianarantsoa,-21.4333,47.0833,54.73,88,93,2.28,MG,2023-05-28 22:07:40
532,sinabang,2.4803,96.3801,82.78,74,100,4.07,ID,2023-05-28 22:07:40
533,vilhena,-12.7406,-60.1458,69.85,90,100,4.97,BR,2023-05-28 22:03:41
534,gilmer,32.7287,-94.9424,77.41,60,0,0.0,US,2023-05-28 22:07:41
535,la'ie,21.6477,-157.9253,80.56,66,100,4.0,US,2023-05-28 22:07:42
536,bambui,-20.0064,-45.9769,67.12,62,79,1.52,BR,2023-05-28 22:05:11
537,smithers,54.7804,-127.1743,58.6,50,49,7.83,CA,2023-05-28 22:07:43
538,dryden,49.7833,-92.7503,75.49,27,0,4.61,CA,2023-05-28 22:06:20
539,domodossola,46.1165,8.2931,65.71,86,80,1.01,IT,2023-05-28 22:07:44
540,nyurba,63.2842,118.3319,60.87,31,9,4.21,RU,2023-05-28 22:07:45
541,ibotirama,-12.1853,-43.2206,76.01,49,59,2.39,BR,2023-05-28 22:05:22
542,sona,45.4388,10.8255,67.55,88,40,3.44,IT,2023-05-28 22:07:45
543,roma,43.2128,-75.4557,62.87,53,0,4.61,US,2023-05-28 22:06:50
544,manturovo,58.3353,44.7619,50.74,98,100,4.74,RU,2023-05-28 22:07:47
545,krasnoturansk,54.3186,91.5639,52.93,57,100,11.1,RU,2023-05-28 22:07:48
546,raymondville,26.4815,-97.7831,79.09,71,100,11.12,US,2023-05-28 22:07:48
547,chizhou,30.6578,117.4831,82.08,84,90,4.99,CN,2023-05-28 22:07:49
548,salinopolis,-0.6136,-47.3561,79.48,85,98,9.46,BR,2023-05-28 22:07:50
549,zilair,52.2332,57.4392,62.29,52,90,4.65,RU,2023-05-28 22:07:50
550,bouafle,6.9904,-5.7442,76.96,97,89,3.04,CI,2023-05-28 22:07:51
551,tateyama,34.9833,139.8667,69.73,91,100,29.91,JP,2023-05-28 22:07:51
552,hadithah,34.1397,42.3781,79.09,48,96,11.01,IQ,2023-05-28 22:07:52
553,acarau,-2.8856,-40.12,77.97,87,43,9.86,BR,2023-05-28 22:06:08
554,malango,-2.9627,119.9001,79.86,61,1,2.8,ID,2023-05-28 22:07:52
555,sao gabriel da cachoeira,-0.1303,-67.0892,75.49,92,97,0.29,BR,2023-05-28 22:07:53
556,necochea,-38.5473,-58.7368,41.7,65,9,9.71,AR,2023-05-28 22:07:53
557,saryozek,44.3583,77.9753,52.0,40,0,15.03,KZ,2023-05-28 22:07:53
558,hanko,59.8333,22.95,48.83,73,100,11.99,FI,2023-05-28 22:07:54
559,jijiga,9.35,42.8,63.14,79,100,15.03,ET,2023-05-28 22:07:54
560,monduli,-3.3,36.45,59.02,92,100,4.29,TZ,2023-05-28 22:07:54
561,north bend,43.4065,-124.2243,66.24,76,0,24.16,US,2023-05-28 22:07:55
562,mitu,1.1983,-70.1733,74.14,95,94,1.86,CO,2023-05-28 22:07:55
563,blagodatnoye,45.3997,42.5867,65.32,94,100,4.0,RU,2023-05-28 22:07:55
564,san antonio de pale,-1.4014,5.6325,79.03,81,100,13.6,GQ,2023-05-28 22:07:56
565,argo,37.6333,22.7333,61.79,78,8,3.76,GR,2023-05-28 22:07:56
566,puerto princesa,9.7392,118.7353,89.38,59,73,3.62,PH,2023-05-28 22:07:56
567,nanuque,-17.8392,-40.3539,67.6,92,53,5.12,BR,2023-05-28 22:07:56
568,el colorado,-26.3081,-59.3729,53.49,82,0,4.88,AR,2023-05-28 22:07:57
569,bilmak,47.3624,36.6511,55.83,96,5,9.53,UA,2023-05-28 22:07:57
570,ksar el boukhari,35.8889,2.7491,59.7,84,20,3.74,DZ,2023-05-28 22:07:58
571,sisimiut,66.9395,-53.6735,24.64,71,1,10.42,GL,2023-05-28 22:07:58
572,huacho,-11.1067,-77.605,70.03,84,92,7.11,PE,2023-05-28 22:07:58
573,igarka,67.4667,86.5833,57.11,47,100,17.69,RU,2023-05-28 22:07:59
574,kenai,60.5544,-151.2583,46.15,99,100,10.36,US,2023-05-28 22:07:59
575,jianguang,28.1938,115.7836,91.47,61,4,1.01,CN,2023-05-28 22:07:59
576,homestead meadows north,31.8496,-106.1729,85.48,14,75,11.5,US,2023-05-28 22:08:00
577,liaozhong,41.5061,122.7242,79.59,27,99,13.89,CN,2023-05-28 22:08:01
578,kiamba,5.9894,124.6242,85.89,70,23,4.94,PH,2023-05-28 22:08:02
579,marti,22.9475,-80.9203,78.17,80,36,5.57,CU,2023-05-28 22:08:02
580,tulcingo de valle,18.05,-98.4333,75.2,65,82,4.27,MX,2023-05-28 22:08:04
